{"cameraMode":{"drawMode":0,"name":"Shaded","section":"Shading Mode"},"sceneLighting":false,"audioPlay":false,"sceneViewState":{"m_AlwaysRefresh":false,"showFog":true,"showSkybox":true,"showFlares":true,"showImageEffects":true,"showParticleSystems":true,"showVisualEffectGraphs":true,"m_FxEnabled":true},"in2DMode":false,"pivot":{"x":16.963294982910158,"y":1.4874372482299805,"z":4.69317102432251},"rotation":{"x":0.46344709396362307,"y":-0.06963850557804108,"z":0.03935699537396431,"w":0.8825075626373291},"size":10.130087852478028,"orthographic":true}