{"cameraMode":{"drawMode":0,"name":"Shaded","section":"Shading Mode"},"sceneLighting":false,"audioPlay":false,"sceneViewState":{"m_AlwaysRefresh":false,"showFog":true,"showSkybox":true,"showFlares":true,"showImageEffects":true,"showParticleSystems":true,"showVisualEffectGraphs":true,"m_FxEnabled":true},"in2DMode":false,"pivot":{"x":0.4557291567325592,"y":1.78230881690979,"z":2.3442020416259767},"rotation":{"x":0.002128669759258628,"y":0.9964084625244141,"z":-0.08466755598783493,"w":-0.003860410302877426},"size":2.0683069229125978,"orthographic":false}