{"cameraMode":{"drawMode":0,"name":"Shaded","section":"Shading Mode"},"sceneLighting":false,"audioPlay":false,"sceneViewState":{"m_AlwaysRefresh":false,"showFog":true,"showSkybox":true,"showFlares":true,"showImageEffects":true,"showParticleSystems":true,"showVisualEffectGraphs":true,"m_FxEnabled":true},"in2DMode":false,"pivot":{"x":-0.19791817665100099,"y":1.2038156986236573,"z":2.422924280166626},"rotation":{"x":0.36099758744239809,"y":0.38962429761886599,"z":-0.1663421392440796,"w":0.8307878971099854},"size":0.28324252367019656,"orthographic":false}