{"cameraMode":{"drawMode":0,"name":"Shaded","section":"Shading Mode"},"sceneLighting":false,"audioPlay":false,"sceneViewState":{"m_AlwaysRefresh":false,"showFog":true,"showSkybox":true,"showFlares":true,"showImageEffects":true,"showParticleSystems":true,"showVisualEffectGraphs":true,"m_FxEnabled":true},"in2DMode":false,"pivot":{"x":12.252931594848633,"y":0.9049444198608398,"z":2.562955379486084},"rotation":{"x":0.6565572023391724,"y":-0.0010545606492087246,"z":0.004178107716143131,"w":0.7542657852172852},"size":18.709619522094728,"orthographic":true}